PC1,PC2,class_encoded,class_name,sample_type
-1.2903515084175903,-0.32491247216998187,0,cp,Original
-1.5860121595449943,-1.0346829219554419,0,cp,Original
-0.5304831234661267,-0.1304951840145357,0,cp,Original
-0.26172079839583323,0.3382640750844214,0,cp,Original
-1.8243643718275626,-0.7318344604380674,0,cp,Original
-0.6403592597604487,0.09149847886446251,0,cp,Original
-2.1434604158481236,-0.6661996457817849,0,cp,Original
-1.7694564087717897,-0.7930572687406995,0,cp,Original
-0.6932709380548457,-1.0062976241776342,0,cp,Original
-1.5712012338289456,0.03519964381177689,0,cp,Original
-1.360234099843867,-0.6844058900098572,0,cp,Original
-2.2212008627911026,0.037552026049754196,0,cp,Original
-1.7508210655360439,-0.38245732104490304,0,cp,Original
-0.9854807803884111,0.3588664151266669,0,cp,Original
-2.30316491366682,-0.16705595142679383,0,cp,Original
-0.9620384222574124,-0.885316631290831,0,cp,Original
-1.8918623217387929,-0.03398885834508748,0,cp,Original
-0.10849495415227499,-1.1488888745395913,0,cp,Original
-1.99821878431129,-0.49758572035397663,0,cp,Original
-1.6838492695148932,0.5600487312774889,0,cp,Original
-2.6710099852396807,0.7885273760547276,0,cp,Original
-2.350309823386898,-0.36660710523978385,0,cp,Original
-0.8143341876820896,0.33197356288631386,0,cp,Original
-2.5705011872988037,-0.7660498346705138,0,cp,Original
-2.0050703467668103,0.02736627250672939,0,cp,Original
-0.861720158062237,-0.9117547505200154,0,cp,Original
-1.4884114013449887,-0.6075416950624815,0,cp,Original
-1.3787135060131044,-0.3187934452924169,0,cp,Original
-0.8576260495646689,-0.43586936433013496,0,cp,Original
-1.1833235482262057,-0.2591524070053743,0,cp,Original
-1.3238294465455025,0.049474111138861715,0,cp,Original
-1.5433402296346002,-0.6773555432393746,0,cp,Original
-0.7885578008082142,0.27745141000077134,0,cp,Original
-1.3569843317716435,-0.705000889181068,0,cp,Original
-2.703016571455292,-0.39922156821435445,0,cp,Original
-0.962419371294909,-0.04548761016320856,0,cp,Original
-1.545269763119598,-0.040103058416096196,0,cp,Original
-0.28496809569563963,0.3978248237132156,0,cp,Original
-1.8806409261517307,-0.24589568244382315,0,cp,Original
-1.707699214643018,0.16958444896181665,0,cp,Original
-1.1455692477594825,-0.28720267849463893,0,cp,Original
-0.6859999526833819,-0.8530874523574331,0,cp,Original
-0.7679753252712311,-0.13888631035312557,0,cp,Original
-1.3669252980382034,-0.6252477807406112,0,cp,Original
-0.5503952186047527,0.2423551142416701,0,cp,Original
-1.3041763775753592,-1.0436080320493062,0,cp,Original
0.1705811033689023,-0.9767747377720308,0,cp,Original
-1.528127882560466,-0.13386237981221408,0,cp,Original
-1.748238899430189,-0.04930984471415197,0,cp,Original
-1.727720190200167,-0.8726691313514074,0,cp,Original
-1.0741008477147085,0.07349580366864472,0,cp,Original
-3.0644620960023037,-0.11776946550134358,0,cp,Original
-1.6640847642436052,-0.8902698696296645,0,cp,Original
-0.5639312420800349,-0.5235614265235101,0,cp,Original
-2.4705303258917346,0.5800059851796521,0,cp,Original
-1.2741321937967405,0.24485288875848374,0,cp,Original
-1.136274583624757,-0.23997084024331214,0,cp,Original
-1.2865160372424065,-0.4711016513356531,0,cp,Original
-1.6126842999664894,-0.3877183307696976,0,cp,Original
-0.889108377920722,-0.3997340664516466,0,cp,Original
-0.0779151761685343,-0.08268309702760054,0,cp,Original
-1.3560159731691153,-0.07643820679201713,0,cp,Original
-0.511710519207264,-0.7127997052384816,0,cp,Original
-2.2490036570384806,-0.8487142476506652,0,cp,Original
-1.0270735010735075,-0.5706973188351218,0,cp,Original
-0.31570148267921494,-1.0396360602066241,0,cp,Original
-1.7036824107661492,-0.6796126924749812,0,cp,Original
-0.08281218076718913,0.1259493498712623,0,cp,Original
-1.9911465656077685,-0.5153342262636497,0,cp,Original
-0.5456218967220985,-0.36846332170011453,0,cp,Original
-2.44283675108723,-0.7835006060163333,0,cp,Original
-1.242605043233763,0.2785248542169828,0,cp,Original
-1.0532226110791458,-0.12232897279629891,0,cp,Original
-1.9401228623070073,0.33589414110431753,0,cp,Original
-1.987132000239111,-0.37527237632281707,0,cp,Original
-1.576813490350646,-0.4313089640044785,0,cp,Original
-1.3990137303461183,0.10428070283196801,0,cp,Original
-0.36734664948856127,-0.323831487044925,0,cp,Original
-1.651423464232122,-0.4645260573121721,0,cp,Original
-1.1170583853091176,-0.6201731996804818,0,cp,Original
-1.534119238457549,-0.847958237454888,0,cp,Original
-1.2239390987246657,-0.16257370663666723,0,cp,Original
-1.9407116855683428,-0.05053007450401317,0,cp,Original
-0.8302118267426922,0.03420250807068028,0,cp,Original
-0.5069705014911103,-0.1814963034323455,0,cp,Original
-0.12835005620795994,-0.5474872487872373,0,cp,Original
-0.10299284203283715,-0.16650529442293788,0,cp,Original
-1.024804530536474,0.05330349383206221,0,cp,Original
-1.8085618665406502,0.5336756124411779,0,cp,Original
-1.8979444890920032,0.20316183883541855,0,cp,Original
-0.9501970413132502,-0.31844693529781243,0,cp,Original
-1.9431337944550697,0.124916702813592,0,cp,Original
-1.6711858772544224,0.18783010811420192,0,cp,Original
-2.195553171506277,-0.02071241978980026,0,cp,Original
-1.9725966814267668,-0.10259535373299446,0,cp,Original
-0.1725272527314916,1.3563683910238364,0,cp,Original
-1.7396118448921496,-0.4725479674183501,0,cp,Original
-1.2076645867940887,0.706087304106974,0,cp,Original
-0.9679386926331837,0.9331848355097546,0,cp,Original
-0.5877009121416501,0.07406385142880144,0,cp,Original
-1.142558436904857,-0.2209521579405439,0,cp,Original
-0.7477199688997391,-0.17581625694838338,0,cp,Original
-2.034211637585599,-0.42399405902262843,0,cp,Original
-1.7751406317890936,0.11658547448733861,0,cp,Original
-1.9897897604364427,-0.7200767386535625,0,cp,Original
-1.452298078387363,-0.23140823546547565,0,cp,Original
-1.0633153268550573,0.07539247083768642,0,cp,Original
-1.021932351705854,-0.7516310922201968,0,cp,Original
-0.9851085714633346,0.002696266544794575,0,cp,Original
-1.7074791440733903,-0.16677464400293746,0,cp,Original
-2.3696241658399844,-0.10533384055550771,0,cp,Original
-0.4568919067916028,-1.0083495092483852,0,cp,Original
-1.8363526321040844,-0.28311028308767855,0,cp,Original
-1.6495277984380747,-0.5708018732919445,0,cp,Original
-1.8869388755088004,0.10111682405107937,0,cp,Original
-1.2894886701903734,0.32292420685414713,0,cp,Original
-1.3747996844683799,-0.37548809606519556,0,cp,Original
-1.5299310304363138,0.6151527648555116,0,cp,Original
-1.155564508282986,-0.4458639848643551,0,cp,Original
-1.0466704337549124,-1.1508294682483087,0,cp,Original
-1.9550258165905297,-1.01391556480518,0,cp,Original
-1.9164956651718872,-0.3682155482766498,0,cp,Original
-1.6699017491136778,-0.7338232292257721,0,cp,Original
-2.4485577410169252,-1.1831960853120778,0,cp,Original
-0.5849411876931924,-0.10697539543262416,0,cp,Original
-0.995658469431509,-0.18323370620075138,0,cp,Original
-2.1143799666450818,-0.5029023830283654,0,cp,Original
-1.0995925271454903,-0.16456253846261087,0,cp,Original
-2.0566599594026256,-0.6688333485067769,0,cp,Original
-1.010586983696206,-0.37550415442485796,0,cp,Original
-1.4764477086857144,-1.502575585552637,0,cp,Original
-1.5148667376144556,-0.6176580365474312,0,cp,Original
-1.7900376915494032,-0.13039054053064728,0,cp,Original
-1.130170040903928,-0.8828372179989225,0,cp,Original
-1.2177541672742078,-0.49683604284515,0,cp,Original
-1.0958401475930846,-0.3289324299769353,0,cp,Original
-2.252001439718903,-0.23978800417448157,0,cp,Original
-2.0971298447307163,-0.3933813773622131,0,cp,Original
-1.4428007519321757,-0.057312040826593705,0,cp,Original
-1.973769329709821,-0.7465572150760513,0,cp,Original
-0.27428838848105197,-0.8716249636757538,0,cp,Original
-1.5312815343988748,-0.5246825826040087,0,cp,Original
-1.7367916205543297,-0.5672874877023567,0,cp,Original
0.0030548311570520073,-0.663062899816881,1,im,Original
-0.3084555755685184,-0.19028687861284493,1,im,Original
1.9860476888621745,-0.8762072402467557,1,im,Original
1.627843528240134,-1.787127876400554,1,im,Original
1.5549924199513592,-1.3396533329310591,1,im,Original
1.2885192520992539,-1.3373801753108703,1,im,Original
1.9204457442733258,-0.83530138803296,1,im,Original
0.7389921713216246,-1.8109784318086026,1,im,Original
1.4369933466658082,-1.0943885348611555,1,im,Original
0.948545018562842,-1.1795266468117536,1,im,Original
1.7670478680155963,-0.9432950188638798,1,im,Original
0.6134257417829979,-0.7092975332597659,1,im,Original
1.9153207112559565,-1.2762295785816073,1,im,Original
2.548307254387544,-1.2687708397441968,1,im,Original
1.7689212118269404,-0.27559418267717545,1,im,Original
1.6657238747876721,-1.15275155414596,1,im,Original
1.743190421289019,-1.0597228856437615,1,im,Original
1.8843068827371465,-1.4946917419199937,1,im,Original
1.8954649265804366,-0.678272763372367,1,im,Original
1.3779748192338492,-0.3365252149152699,1,im,Original
1.4186237453704984,-0.6939871285447021,1,im,Original
0.7337362001398425,-0.9858296820491815,1,im,Original
1.7080562430367463,-0.247630585785745,1,im,Original
2.0258161502875436,-0.7228915319119654,1,im,Original
1.5481177253346614,-0.6607634503971029,1,im,Original
2.39141480075553,-0.8743353025649847,1,im,Original
1.497075888112339,-1.2291673582182154,1,im,Original
1.5691560156261848,-1.4527666515556268,1,im,Original
2.59037962550683,-0.9208288974662046,1,im,Original
1.4089173803512303,-1.6363811225508382,1,im,Original
1.365355567064453,-1.2832770591844957,1,im,Original
2.0416134006185174,-0.7337245186434588,1,im,Original
1.0953190467252047,-1.0677128456330742,1,im,Original
1.4788560223182696,-0.1809991131402211,1,im,Original
1.4752877498323862,-0.12882188860830257,1,im,Original
2.008661348324039,-0.5677870313633804,1,im,Original
2.2256515788540074,-1.546927179827004,1,im,Original
2.3303962084418948,-0.6258317866352886,1,im,Original
2.2658177940482096,-0.9946576915705766,1,im,Original
2.455252152524814,2.1023837121632765,1,im,Original
-1.6028060063870322,-0.5404735043626155,1,im,Original
2.157885652057296,0.4339487379732934,1,im,Original
0.9965425444357464,-1.6659896423625784,1,im,Original
2.208919237656794,0.1111453844154388,1,im,Original
1.88651920328274,-0.5451335123064325,1,im,Original
0.545990679230602,-1.7386133959923047,1,im,Original
0.8963590450311857,-0.01998764995986694,1,im,Original
0.17855825389632482,-1.323646061475423,1,im,Original
1.9423914088555727,0.009264258660416688,1,im,Original
1.2689640992032902,-1.0066177982891846,1,im,Original
1.3795901549577292,-0.6557151051323764,1,im,Original
1.8868395532913622,-1.3835717667367318,1,im,Original
2.0411221823221557,-0.6275201212940057,1,im,Original
0.8029484152349126,-0.8634090839960652,1,im,Original
1.3817232039942238,-0.36911029181253335,1,im,Original
1.6815648717924863,-0.914819125775541,1,im,Original
0.7756132892436824,-1.1835154294311663,1,im,Original
1.5827565297157091,-0.45177495694563957,1,im,Original
0.7244789598202518,-1.0574685765869223,1,im,Original
0.886736479220317,-1.276779594707718,1,im,Original
1.1511426064142665,-1.0431223124000848,1,im,Original
1.0658453486848956,-1.51886450561215,1,im,Original
2.3263982197413076,-0.4083596964462377,1,im,Original
1.2514055804254063,-0.8088985539562208,1,im,Original
0.397688423913094,-1.4124239982109128,1,im,Original
1.8875254145398794,-2.1559720259333672,1,im,Original
2.380098138602523,-0.5587930130896138,1,im,Original
1.87702682179208,-0.8941393491794822,1,im,Original
1.866900845406213,-0.7626748087616223,1,im,Original
-0.2974534404824338,0.48973939326279925,1,im,Original
-0.7379028254530252,-0.059056523805029335,1,im,Original
-1.2115438408023842,-0.9894505729952101,1,im,Original
-1.4119925064677146,-0.42969773275123324,1,im,Original
-0.7587403101027091,-0.19785329250518238,1,im,Original
-0.8310659725910116,0.32718117986569534,1,im,Original
2.083905253313209,0.38806955562523343,1,im,Original
3.482296133291505,-1.0482648715600034,1,im,Original
0.5792418873512047,0.9264914152594146,3,imS,Original
1.8098232446430722,-0.6796344686326756,3,imS,Original
0.7334795923431975,12.184877184184034,2,imL,Original
2.6653702763029994,1.8388502335119858,2,imL,Original
2.2439366277105233,-0.7799357479616588,4,imU,Original
2.623671825141003,-0.7909973944746441,4,imU,Original
2.551692441451089,-0.3706416004236215,4,imU,Original
1.8889055731664628,-0.7199376810642499,4,imU,Original
1.6918655116139858,-0.6227990394241375,4,imU,Original
2.0148912011209332,-0.9199325975096181,4,imU,Original
1.8871582754359342,-0.7252119235070951,4,imU,Original
1.6238459858377114,-1.3837977769281697,4,imU,Original
1.1099276496491262,-0.6753585701528221,4,imU,Original
1.5700952830891413,-0.5092577976717592,4,imU,Original
1.4588827424723947,-0.6503206281024787,4,imU,Original
2.080558900555082,0.4018043364647436,4,imU,Original
2.2400379759067532,-0.1972055551635588,4,imU,Original
2.061682457169873,-0.12515427174479493,4,imU,Original
1.272687169381227,-0.16065066667264957,4,imU,Original
1.848556104136773,-0.36302156058270496,4,imU,Original
1.5866396251304793,-0.9062706952475402,4,imU,Original
1.9282697854839934,-0.9993088372694953,4,imU,Original
2.947931054368501,-0.8926177291916937,4,imU,Original
2.8865790838720398,-0.48085272286197633,4,imU,Original
2.54272455695352,-0.24661727853417575,4,imU,Original
1.5290699070853435,-1.0580674346585923,4,imU,Original
0.9700653505685141,-0.20329366950189534,4,imU,Original
2.9568438170951823,-0.714859318293569,4,imU,Original
1.398736388964306,-0.466611906162663,4,imU,Original
2.422057590954709,-0.285791393799944,4,imU,Original
1.7166716658712429,-1.2033122908539942,4,imU,Original
2.117423988568782,2.3978063815550272,4,imU,Original
2.0218261054164226,-0.3130376060909221,4,imU,Original
3.1785341236437263,-0.14357099780913318,4,imU,Original
1.9370562159864404,-0.5650521146244448,4,imU,Original
2.9066841510462114,-0.20005496456777022,4,imU,Original
1.577817870188218,0.09546255959691816,4,imU,Original
-1.735699848153577,0.15768541964582974,4,imU,Original
1.4598453562642753,-0.27558027364345444,4,imU,Original
1.0146521093591936,1.3627949075315202,5,om,Original
0.18973963029623686,1.1890130060802662,5,om,Original
0.9732051003503681,1.8293665424662648,5,om,Original
-0.263374510809381,1.3578914933335036,5,om,Original
1.347316816488476,1.4304876382452059,5,om,Original
0.8889442977837007,1.9873200912945859,5,om,Original
1.7376528926067616,1.6266546022041082,5,om,Original
1.5724561435647428,1.4101791474920424,5,om,Original
1.113460819383433,1.0533712500270613,5,om,Original
0.9023922811085116,1.805192883603343,5,om,Original
1.033231598886454,1.4229115639959506,5,om,Original
0.6334344744884582,0.6783062786334885,5,om,Original
0.47876381259092665,0.45322887442905435,5,om,Original
0.4846626478677736,1.1574910475122306,5,om,Original
-0.10250400850391056,0.9078458555020904,5,om,Original
2.307587656058997,3.5306523361380107,5,om,Original
0.28406271848065007,1.0932517331534728,5,om,Original
0.39595773890008223,0.46833258115846715,5,om,Original
0.7353181464532307,1.2208722294273433,5,om,Original
0.45752770580395613,1.031148570240598,5,om,Original
-0.12253798493293461,4.454729295879678,6,omL,Original
0.9053176995626203,3.2159958909042135,6,omL,Original
0.8523984801803769,3.320054702477503,6,omL,Original
0.9250854720028122,3.759612692689791,6,omL,Original
0.9523998256345122,3.389124854157143,6,omL,Original
0.043027931729476956,0.5960925256115229,7,pp,Original
0.646842430244496,0.7233189631523915,7,pp,Original
-0.16781265230045497,1.7491418162765755,7,pp,Original
0.7058656096185492,1.558472032992427,7,pp,Original
0.2749695905602484,0.4151405468183987,7,pp,Original
-0.4879134259733301,2.1201136027967085,7,pp,Original
-0.00877919127887429,1.2418979026030847,7,pp,Original
0.2522444303420595,1.7277987683670875,7,pp,Original
-0.10658679579333126,0.8984842700577415,7,pp,Original
0.6055359952921135,1.799434826477612,7,pp,Original
-0.5399350891557266,0.7123845272214652,7,pp,Original
0.32607599663769,1.1863923469586086,7,pp,Original
-0.34766886369258965,1.263740366094546,7,pp,Original
-0.7170068406828175,1.8542425591750857,7,pp,Original
-0.3875446662322706,1.5360664503473427,7,pp,Original
1.0951403914468976,1.0662281812994465,7,pp,Original
-1.4165162305655337,-0.4111685848311175,7,pp,Original
0.5071944999754237,0.7821566221708782,7,pp,Original
0.17655946296425107,0.8067367199235557,7,pp,Original
0.7222841766948993,1.557235581854504,7,pp,Original
0.02702042597039485,1.6660005012234815,7,pp,Original
-0.5825898033347602,1.9244146401424411,7,pp,Original
0.31947858390845724,1.062083612387917,7,pp,Original
0.3818914517144555,1.801692625902571,7,pp,Original
0.24175982971326107,1.356674793101238,7,pp,Original
0.05286907260962578,1.525947448486735,7,pp,Original
0.4705744063995866,0.35990177253507516,7,pp,Original
0.26730512078115104,1.8297027394995526,7,pp,Original
-0.3510018238922179,1.0014997439478404,7,pp,Original
-0.851882855996351,1.4707633841472252,7,pp,Original
2.3314476586672,0.020911608102415397,7,pp,Original
0.3540483165910469,1.645087347438633,7,pp,Original
-0.7649217352507299,1.3794903630109576,7,pp,Original
-0.43889154372824,1.668972748871518,7,pp,Original
0.032378432874991356,1.1962467667590855,7,pp,Original
0.3059991959010081,0.562404680122474,7,pp,Original
-0.06342238691868328,1.172402205425769,7,pp,Original
0.02747436671084554,1.3929066042635914,7,pp,Original
0.6558521874018144,0.9506316402095955,7,pp,Original
0.15830316939196498,1.444700488288343,7,pp,Original
-0.0637469285516137,1.3972199741337528,7,pp,Original
-0.9288068216521136,-0.7540943616019472,7,pp,Original
-0.0056753807856427035,1.4894875039333197,7,pp,Original
-0.8798936671636255,0.654313107949641,7,pp,Original
-0.22118909692752156,1.2925950322079938,7,pp,Original
0.7216220262694265,0.8741799340934036,7,pp,Original
0.13532199981951087,-0.07668572806252644,7,pp,Original
0.5382417352535881,0.8111143733449384,7,pp,Original
-0.36613316752541036,0.993589486465662,7,pp,Original
-0.3972117111585628,0.7635759867050296,7,pp,Original
-0.42318167714897936,0.7616836550997921,7,pp,Original
0.4735074734616821,1.124757112863032,7,pp,Original
1.4570501587136142,8.309875020481309,2,imL,Generated
2.570155704003819,2.348761347677558,2,imL,Generated
2.1476118692436645,4.611648134474571,2,imL,Generated
1.8900223408369488,5.9911403724330174,2,imL,Generated
1.0348905503380148,10.570704125359372,2,imL,Generated
1.0348439529294853,10.570953672628521,2,imL,Generated
0.8456907815816762,11.583942567299456,2,imL,Generated
2.406837219034002,3.223395435967314,2,imL,Generated
1.8947680835182894,5.96572507223525,2,imL,Generated
2.10139840895478,4.859139211274317,2,imL,Generated
0.7732465851072821,11.971909451433707,2,imL,Generated
2.607239400015783,2.1501637139936984,2,imL,Generated
2.3416677750364276,3.5724031875742597,2,imL,Generated
1.1436955421028685,9.988011022424853,2,imL,Generated
1.0847455526018919,10.303711173154309,2,imL,Generated
1.08779705632526,10.287369182365612,2,imL,Generated
1.3212423471837629,9.037178738991742,2,imL,Generated
1.7472516539615064,6.755732999978409,2,imL,Generated
1.5679501498407442,7.715962380104164,2,imL,Generated
1.2961024551894176,9.171812650874045,2,imL,Generated
1.9155124996111998,5.854630645539588,2,imL,Generated
1.0029664822064637,10.741669942424718,2,imL,Generated
1.2978711172170965,9.162340776944053,2,imL,Generated
1.4412506243606213,8.394487679769611,2,imL,Generated
1.6145569460857834,7.466364836082004,2,imL,Generated
2.2503537174275414,4.06142552659208,2,imL,Generated
1.1192275119259516,10.119046852631024,2,imL,Generated
1.7269243132857544,6.864593825393102,2,imL,Generated
1.87795977896984,6.055740088766579,2,imL,Generated
0.8232167119430491,11.704299962313096,2,imL,Generated
1.9071898318193239,5.899201772669695,2,imL,Generated
1.0629135582850846,10.420630004775582,2,imL,Generated
0.8591521588082037,11.511851649974185,2,imL,Generated
2.5666227219071036,2.3676818426581216,2,imL,Generated
2.598975121173102,2.1944221455624002,2,imL,Generated
2.2952148981071976,3.821176433719313,2,imL,Generated
1.3219600952151138,9.033334918770546,2,imL,Generated
0.9221714394747902,11.174358860344872,2,imL,Generated
2.0553430019196535,5.105783851349357,2,imL,Generated
1.5838060945204082,7.631047621548609,2,imL,Generated
0.9692441213267241,10.922266317467509,2,imL,Generated
1.6901072518991604,7.061763526822323,2,imL,Generated
0.7999144559208429,11.82909261793223,2,imL,Generated
2.4901872058537777,2.7770237974810117,2,imL,Generated
1.233414227991559,9.507532520255841,2,imL,Generated
2.013400221402422,5.330403774836926,2,imL,Generated
1.3356713163274154,8.959905990140003,2,imL,Generated
1.7381941574820192,6.804239420895721,2,imL,Generated
1.7896640878315406,6.528597899889018,2,imL,Generated
1.0905981928614248,10.272368005365125,2,imL,Generated
2.6066111020321805,2.153528494374585,2,imL,Generated
2.2309514726259936,4.165332103339427,2,imL,Generated
2.548488845141149,2.46479581463307,2,imL,Generated
2.4621882143868055,2.9269693004611184,2,imL,Generated
1.888556991348096,5.9989878895983,2,imL,Generated
2.514439838766926,2.6471415035046886,2,imL,Generated
0.9044374326575945,11.269331373022473,2,imL,Generated
1.1120970584665197,10.157233207725705,2,imL,Generated
0.8208537704502243,11.716954434209777,2,imL,Generated
1.3619822275543088,8.819000814236249,2,imL,Generated
1.4843616273610531,8.163611469942484,2,imL,Generated
1.2576962589286993,9.377492788412539,2,imL,Generated
2.3345098657218606,3.61073657946535,2,imL,Generated
1.4226880206542105,8.493897651470247,2,imL,Generated
1.2762143544110631,9.278321175584553,2,imL,Generated
1.7819090996180917,6.570128881804636,2,imL,Generated
1.0057297897161965,10.726871354592568,2,imL,Generated
2.2832364661626072,3.885325601554993,2,imL,Generated
0.8775032863513534,11.413574215483175,2,imL,Generated
2.640037271283364,1.9745183408489044,2,imL,Generated
1.1734778007621003,9.828515429170723,2,imL,Generated
2.281473302390409,3.894768030185697,2,imL,Generated
2.654702149676177,1.8959822060975433,2,imL,Generated
1.0899879395425527,10.275636149539226,2,imL,Generated
1.2997991588352173,9.152015363239888,2,imL,Generated
1.2570081198246976,9.381178041297145,2,imL,Generated
1.1753602787259743,9.818434026578956,2,imL,Generated
2.5223241034208623,2.60491819590601,2,imL,Generated
1.972853674809456,5.5475463219233205,2,imL,Generated
2.4415239196472176,3.0376346461080024,2,imL,Generated
0.9979488085601507,10.768541538838251,2,imL,Generated
1.4612264317552455,8.287509451973301,2,imL,Generated
2.0261114647494676,5.2623301165616425,2,imL,Generated
2.5425824914975768,2.4964266385114406,2,imL,Generated
2.0645864261043214,5.056281715164792,2,imL,Generated
2.0371516459004266,5.203205647109779,2,imL,Generated
1.2558508974121796,9.387375417974432,2,imL,Generated
1.4336789369028953,8.435037014755341,2,imL,Generated
0.9513722442293681,11.017977179186323,2,imL,Generated
1.7531026615558543,6.724398575747097,2,imL,Generated
2.434327266719597,3.0761755251349565,2,imL,Generated
1.287459316484004,9.218100024547443,2,imL,Generated
1.1956167283841102,9.70995285017075,2,imL,Generated
1.5810440871994245,7.645839246363672,2,imL,Generated
1.1759459637100231,9.8152974554055,2,imL,Generated
1.7114111639062581,6.947672781621148,2,imL,Generated
1.6555075930199763,7.247058174299149,2,imL,Generated
1.8394077659254306,6.262201131967313,2,imL,Generated
2.616263302151688,2.1018372038689432,2,imL,Generated
2.456935833615505,2.9550978449311796,2,imL,Generated
2.604652525270355,2.164017435664614,2,imL,Generated
1.4358949316074758,8.42316950013534,2,imL,Generated
2.0580688850146003,5.091185685832614,2,imL,Generated
1.6828672959069124,7.1005363106239106,2,imL,Generated
0.9120510602509339,11.228557432277745,2,imL,Generated
2.1837649412267157,4.418034354879358,2,imL,Generated
1.8725553304342737,6.084683015334185,2,imL,Generated
1.205728070496462,9.655802675489317,2,imL,Generated
2.2233572318826407,4.206002219952635,2,imL,Generated
2.5166535056526884,2.6352864552609816,2,imL,Generated
2.105602143755074,4.836626574354211,2,imL,Generated
2.353908373400981,3.506850016463955,2,imL,Generated
0.8692960428430836,11.457527200624778,2,imL,Generated
1.104170043504443,10.19968545987277,2,imL,Generated
1.4417034599153695,8.392062569025741,2,imL,Generated
0.9818036806812365,10.855004986042683,2,imL,Generated
1.1127636779829748,10.153663200612803,2,imL,Generated
2.304937317635235,3.769109090935384,2,imL,Generated
0.9410438622357205,11.073289686954148,2,imL,Generated
1.6234200236801601,7.4188996040071915,2,imL,Generated
1.1054841626864902,10.192647839894196,2,imL,Generated
0.934219842003374,11.109834972783196,2,imL,Generated
2.0510223255380113,5.128922755978254,2,imL,Generated
2.4527619885561336,2.9774504106486552,2,imL,Generated
2.225024459241359,4.1970735681767275,2,imL,Generated
1.8402447184092625,6.257718925481175,2,imL,Generated
1.085055170675777,10.302053047793787,2,imL,Generated
1.0025328811107828,10.743992045149787,2,imL,Generated
2.6519395200961196,1.9107771633522745,2,imL,Generated
1.6786623205958022,7.123055590962532,2,imL,Generated
1.8589778479375578,6.157395721596309,2,imL,Generated
2.2362822664198863,4.1367836265969204,2,imL,Generated
2.433803489821638,3.0789805543984734,2,imL,Generated
2.013134671904839,5.331825895809683,2,imL,Generated
0.8437718034991086,11.594219442241108,2,imL,Generated
2.0409775429036094,5.182716478734945,2,imL,Generated
1.663123507231277,7.206271987824759,2,imL,Generated
1.3072144989662864,9.1123033290749,2,imL,Generated
1.9628776350544344,5.600971899790322,2,imL,Generated
0.7879935238553218,11.892933851523258,2,imL,Generated
1.0401439751626493,0.3249328358226459,3,imS,Generated
1.749173188929916,-0.6004754404520677,3,imS,Generated
1.480019985794908,-0.24918300153608383,3,imS,Generated
1.3159398573886862,-0.035029471821049936,3,imS,Generated
0.7712355176696902,0.675905838475164,3,imS,Generated
0.7712058359166227,0.6759445784021083,3,imS,Generated
0.650718497649562,0.8332018223261197,3,imS,Generated
1.645142104472763,-0.4646965124795973,3,imS,Generated
1.3189628143906795,-0.038974964297451065,3,imS,Generated
1.450582801196614,-0.21076227961300997,3,imS,Generated
0.6045727822809,0.8934301261640972,3,imS,Generated
1.7727948696754663,-0.6313059033399152,3,imS,Generated
1.6036302821350141,-0.41051625698562866,3,imS,Generated
0.8405424383758259,0.5854480734364079,3,imS,Generated
0.8029923022864679,0.6344576290902598,3,imS,Generated
0.8049360580200933,0.6319206847612727,3,imS,Generated
0.9536367196378748,0.43784007386871493,3,imS,Generated
1.2249973692368412,0.08366652767602724,3,imS,Generated
1.1107853746672804,0.23273334040006088,3,imS,Generated
0.9376230379790549,0.45874075504370104,3,imS,Generated
1.3321766530016286,-0.05622135608850128,3,imS,Generated
0.7509004317262771,0.7024467150221338,3,imS,Generated
0.938749645471229,0.4572703334064433,3,imS,Generated
1.0300799417315065,0.3380681758749983,3,imS,Generated
1.1404731075490857,0.19398560874217596,3,imS,Generated
1.5454647876351664,-0.33460001974376125,3,imS,Generated
0.8249567212152397,0.6057901854002423,3,imS,Generated
1.2120492005404484,0.10056617333459984,3,imS,Generated
1.3082562115809335,-0.025000957784685113,3,imS,Generated
0.636402899282947,0.8518862050723558,3,imS,Generated
1.3268752558197632,-0.04930209700487238,3,imS,Generated
0.7890856949293182,0.6526082063772394,3,imS,Generated
0.659293164941028,0.8220103679773441,3,imS,Generated
1.7469227396990346,-0.5975382069740164,3,imS,Generated
1.7675306652566016,-0.6244351873769783,3,imS,Generated
1.574040593227506,-0.37189649002015845,3,imS,Generated
0.9540939128703629,0.4372433560001333,3,imS,Generated
0.6994353699747465,0.7696177048193023,3,imS,Generated
1.4212462938204573,-0.17247295923558353,3,imS,Generated
1.1208853405126837,0.2195511022045895,3,imS,Generated
0.7294198640279966,0.7304826474507137,3,imS,Generated
1.1885973614955248,0.1311749628239966,3,imS,Generated
0.6215597603404301,0.8712591213874925,3,imS,Generated
1.698234621954499,-0.5339916192704803,3,imS,Generated
0.8976917083485181,0.5108581885785086,3,imS,Generated
1.3945294592676365,-0.13760277429683163,3,imS,Generated
0.9628277264482207,0.42584418765635473,3,imS,Generated
1.2192278987362908,0.09119670506119272,3,imS,Generated
1.252013364950874,0.04840588461629784,3,imS,Generated
0.8067203341332569,0.6295918894870863,3,imS,Generated
1.7723946545950455,-0.6307835520171204,3,imS,Generated
1.5331058892044025,-0.31846947579522716,3,imS,Generated
1.7353717700355376,-0.5824621526760521,3,imS,Generated
1.6803997427823465,-0.5107139538770102,3,imS,Generated
1.3150064548013287,-0.03381121668760174,3,imS,Generated
1.713683134738354,-0.5541546553044335,3,imS,Generated
0.6881391106364091,0.7843613171834527,3,imS,Generated
0.8204147441929017,0.611718267128763,3,imS,Generated
0.6348977459253661,0.8538506958819336,3,imS,Generated
0.9795873273500748,0.4039699502053604,3,imS,Generated
1.0575409140458119,0.3022267598081131,3,imS,Generated
0.9131589471713598,0.49067071175830307,3,imS,Generated
1.5990708162020675,-0.4045653491417573,3,imS,Generated
1.0182558803321908,0.3535006630922296,3,imS,Generated
0.9249546575924272,0.475275227571979,3,imS,Generated
1.2470735699610624,0.05485318901209728,3,imS,Generated
0.7526606113959526,0.7001493698600161,3,imS,Generated
1.566410536742949,-0.36193791950973364,3,imS,Generated
0.6709825196376396,0.8067536967845185,3,imS,Generated
1.7936865532866824,-0.6585732380896486,3,imS,Generated
0.8595132282804464,0.5606878440349616,3,imS,Generated
1.5652874315455716,-0.3604720689853839,3,imS,Generated
1.803027830257985,-0.670765253386574,3,imS,Generated
0.806331613195957,0.6300992389242515,3,imS,Generated
0.9399777750393472,0.45566740754019364,3,imS,Generated
0.9127206143196935,0.4912428135008247,3,imS,Generated
0.8607123345793118,0.5591227986580481,3,imS,Generated
1.7187052766119315,-0.5607094369187777,3,imS,Generated
1.3687020018684428,-0.10389338352948378,3,imS,Generated
1.667236940104506,-0.4935341729871315,3,imS,Generated
0.7477042593458236,0.7066182841420532,3,imS,Generated
1.0428041897341374,0.3214607862465199,3,imS,Generated
1.4026263040947011,-0.14817058598806762,3,imS,Generated
1.7316095236808653,-0.5775517571008127,3,imS,Generated
1.4271341970924363,-0.18015771229229327,3,imS,Generated
1.4096587108547194,-0.15734911811550029,3,imS,Generated
0.9119834834152849,0.49220489944367757,3,imS,Generated
1.0252569061912031,0.3443630885797219,3,imS,Generated
0.7180357836768559,0.7453408817380525,3,imS,Generated
1.2287243611038032,0.07880214543009735,3,imS,Generated
1.6626527951520196,-0.4875510546666128,3,imS,Generated
0.9321175063008497,0.46592644567728303,3,imS,Generated
0.8736153469087312,0.5422820900290257,3,imS,Generated
1.119125989041026,0.22184736642210684,3,imS,Generated
0.8610854059071051,0.558635874723636,3,imS,Generated
1.2021675894442332,0.11346342004010322,3,imS,Generated
1.1665579699611597,0.15994025899789271,3,imS,Generated
1.2836992379734609,0.007050227378574162,3,imS,Generated
1.7785429411531495,-0.6388081512230507,3,imS,Generated
1.6770540659734952,-0.5063472550886756,3,imS,Generated
1.7711470746621127,-0.629155239991561,3,imS,Generated
1.0266684569554139,0.34252076567649226,3,imS,Generated
1.4229826347773493,-0.17473919066969534,3,imS,Generated
1.1839856332307492,0.13719408223584398,3,imS,Generated
0.6929888613265062,0.7780315364926984,3,imS,Generated
1.5030488749347342,-0.27923976674350937,3,imS,Generated
1.304813670204483,-0.020507833637855192,3,imS,Generated
0.8800560990713514,0.5338757715854536,3,imS,Generated
1.528268487606502,-0.31215581284955474,3,imS,Generated
1.7150932027217505,-0.555995042916972,3,imS,Generated
1.4532605084391568,-0.21425716021253266,3,imS,Generated
1.6114273341496974,-0.42069278613961725,3,imS,Generated
0.6657546457522859,0.8135769949884409,3,imS,Generated
0.8153653711034726,0.6183085902864351,3,imS,Generated
1.0303683902427077,0.3376916996531985,3,imS,Generated
0.7374200887434985,0.7200409420596954,3,imS,Generated
0.8208393694349859,0.6111640562363064,3,imS,Generated
1.5802336083490705,-0.37997946789654197,3,imS,Generated
0.7114567808182054,0.7539276417428787,3,imS,Generated
1.146118736541672,0.1866170663844405,3,imS,Generated
0.816202442569324,0.617216064270171,3,imS,Generated
0.707109996525786,0.7596009625049572,3,imS,Generated
1.4184940967886657,-0.16888085631273456,3,imS,Generated
1.6743953979852215,-0.5028772240766353,3,imS,Generated
1.529330482947667,-0.31354190422491235,3,imS,Generated
1.2842323624054457,0.00635440589186624,3,imS,Generated
0.8031895237093812,0.6342002203213699,3,imS,Generated
0.7506242352368603,0.7028072001928736,3,imS,Generated
1.8012680824179292,-0.6684684718383338,3,imS,Generated
1.181307135804011,0.14068999416521794,3,imS,Generated
1.2961650458396878,-0.009219852254058936,3,imS,Generated
1.536501513768876,-0.32290136522103724,3,imS,Generated
1.6623191582173005,-0.48711559957581435,3,imS,Generated
1.3943603087748693,-0.1373820030466442,3,imS,Generated
0.6494961413987314,0.8347972129942484,3,imS,Generated
1.41209574187626,-0.16052987376432495,3,imS,Generated
1.171409177187829,0.15360857726981525,3,imS,Generated
0.9447012200039285,0.44950247811573896,3,imS,Generated
1.3623474349956586,-0.09559955210190266,3,imS,Generated
0.6139663302963945,0.881169887928024,3,imS,Generated
0.9248262559495372,3.752484211102953,6,omL,Generated
0.11156152361909287,4.172601283449554,6,omL,Generated
0.8948018208168216,3.2366740085656356,6,omL,Generated
0.905426859517308,3.2189978065540314,6,omL,Generated
0.921437555514069,3.659294424620329,6,omL,Generated
0.17877036056141787,4.091603695280485,6,omL,Generated
0.8667392093058315,3.2918555104389675,6,omL,Generated
0.864502674883328,3.296253366582072,6,omL,Generated
0.9067813973885132,3.2562478076692263,6,omL,Generated
0.9221950281863944,3.278056690848789,6,omL,Generated
0.9076081727641722,3.2789842584691664,6,omL,Generated
0.9223793316776788,3.685193414888879,6,omL,Generated
0.9176389150961454,3.554831225169152,6,omL,Generated
0.9118588164188166,3.395877616891775,6,omL,Generated
0.8399888879239714,3.2947277425686425,6,omL,Generated
0.8888607578557501,3.2483563417222467,6,omL,Generated
0.5710761735142801,3.6188113346396387,6,omL,Generated
0.1553878417147634,4.11978343648806,6,omL,Generated
0.2500006284375524,4.005759628263603,6,omL,Generated
0.9228559191639077,3.6982996445269674,6,omL,Generated
0.9275505822021243,3.297749971330061,6,omL,Generated
0.8989888654249574,3.2284407260075563,6,omL,Generated
0.9388987805547729,3.3394792214616866,6,omL,Generated
0.12334046266251517,4.158405744631847,6,omL,Generated
0.3284057414630789,3.911268704984562,6,omL,Generated
0.9416164735265319,3.3494726394717813,6,omL,Generated
0.9285666460843935,3.301486210561642,6,omL,Generated
0.9299290725375003,3.3064960837133883,6,omL,Generated
0.4658672334877669,3.7456052323421773,6,omL,Generated
0.8791905056437891,3.2474834123274285,6,omL,Generated
0.8996081694680984,3.2272229445760825,6,omL,Generated
0.9036544915902588,3.2192663746154913,6,omL,Generated
0.25117964067298965,4.004338726610832,6,omL,Generated
0.9201182474951093,3.2704200160003154,6,omL,Generated
0.9292622889605062,3.3040442074063843,6,omL,Generated
0.8572899902249562,3.3104361796047237,6,omL,Generated
0.649081264731381,3.5248025027517227,6,omL,Generated
0.8836005556277716,3.2586998501652733,6,omL,Generated
0.865334523107557,3.294617644463849,6,omL,Generated
0.9098405296327922,3.3403744178831762,6,omL,Generated
0.9068394209025825,3.2578434632870836,6,omL,Generated
0.9110454403480348,3.3735096490499203,6,omL,Generated
0.9129083405345864,3.243907965220801,6,omL,Generated
-0.05027731725986574,4.367643429388225,6,omL,Generated
0.07468657367062861,4.2170416003121085,6,omL,Generated
0.2542700478525431,4.00061428293062,6,omL,Generated
0.012122915927089386,4.365379417954932,6,omL,Generated
0.8666689663213266,3.406352209778281,6,omL,Generated
0.9213973975345998,3.6581900739692177,6,omL,Generated
0.907441568831217,3.274402624525731,6,omL,Generated
0.8858823068751952,3.522540500796758,6,omL,Generated
0.9091241787564559,3.3206746579062525,6,omL,Generated
0.8599512910131176,3.3657286018487045,6,omL,Generated
0.5919375722352078,3.9806621880148136,6,omL,Generated
0.9170861286646256,3.7112384899254116,6,omL,Generated
0.6862952490634114,3.9180542086234804,6,omL,Generated
0.4776373339979912,4.056502407915619,6,omL,Generated
0.9474290165951714,3.456548170175376,6,omL,Generated
0.8625215551363383,3.3812716873993827,6,omL,Generated
0.9252753649546348,3.7570370128760935,6,omL,Generated
0.8879607869970257,3.535109634862449,6,omL,Generated
0.8947451218303423,3.5761363510532194,6,omL,Generated
0.9311522032823721,3.677324450067271,6,omL,Generated
0.9283595170343578,3.7152040318314135,6,omL,Generated
0.9005452407998665,3.6112112464824353,6,omL,Generated
0.9064462475442211,3.247031135076281,6,omL,Generated
0.5864904990674591,3.9842764169370706,6,omL,Generated
0.93925590250592,3.567407076589083,6,omL,Generated
0.1885863199936762,4.248292843375098,6,omL,Generated
0.9178973247704607,3.561937531209798,6,omL,Generated
0.9058755049301288,3.231335624848495,6,omL,Generated
0.9060600328907186,3.23641017232618,6,omL,Generated
0.9319627426691873,3.666330414128664,6,omL,Generated
0.915255976692106,3.4893000502239158,6,omL,Generated
0.9333037685572556,3.6481409380244196,6,omL,Generated
0.9194548099282067,3.604768614117289,6,omL,Generated
0.8864418406994495,3.7852534222369183,6,omL,Generated
0.2864915772140565,4.183330981951603,6,omL,Generated
0.8885472459520662,3.5386561115174366,6,omL,Generated
0.8711551246595628,3.7953964273951413,6,omL,Generated
0.9048314987354951,3.637131412890186,6,omL,Generated
-0.026435175270382392,4.390963390136184,6,omL,Generated
0.9316289502011685,3.6708579256217906,6,omL,Generated
0.773290205210342,3.860331523997475,6,omL,Generated
0.8895086232190484,3.544469821078329,6,omL,Generated
0.8534415055050953,3.326362160029107,6,omL,Generated
0.9203005784776237,3.6280273801353693,6,omL,Generated
0.9434444200330927,3.5105946465304285,6,omL,Generated
0.12719489772206724,4.289027132619878,6,omL,Generated
0.920387907109924,3.630428931040463,6,omL,Generated
0.16218894347292892,4.26580796732421,6,omL,Generated
0.5397872351008093,4.0152648546161345,6,omL,Generated
0.9351288005742935,3.623386474625349,6,omL,Generated
0.9350953710786004,3.6238399073431604,6,omL,Generated
0.9377654864467817,3.587622858800512,6,omL,Generated
0.9499336189259214,3.4225761159062107,6,omL,Generated
0.9295840778805463,3.6985942702689267,6,omL,Generated
0.6075812049201113,3.7309495162070676,6,omL,Generated
0.947305193082593,3.458227693921514,6,omL,Generated
0.9504800452792316,3.3820654961732757,6,omL,Generated
0.8933097362963344,3.3483117889447027,6,omL,Generated
0.9338925930469151,3.6401542100428435,6,omL,Generated
0.9519467398091948,3.3952704430425733,6,omL,Generated
0.4019316347394953,3.934813491656134,6,omL,Generated
0.9462132399346698,3.4730387843470036,6,omL,Generated
0.9347773478837176,3.6281535267560177,6,omL,Generated
0.9476371193311732,3.453725495551859,6,omL,Generated
0.20968472620022358,4.125391176832852,6,omL,Generated
0.9418363996237814,3.5324055966922043,6,omL,Generated
0.8587255664336017,3.3244247717522297,6,omL,Generated
0.8045733630270501,3.5356677830689898,6,omL,Generated
0.918292731640354,3.3655673495572804,6,omL,Generated
0.8304228471547749,3.510042742409011,6,omL,Generated
0.927142417143875,3.7317125940981013,6,omL,Generated
0.864664709876553,3.328526891944602,6,omL,Generated
0.6751286170841795,3.6639885983555533,6,omL,Generated
0.9213263735736937,3.274862500503772,6,omL,Generated
0.9300779294625402,3.6918957407105863,6,omL,Generated
0.35559348078851666,3.9807493050454865,6,omL,Generated
0.9274627503303043,3.297426998640052,6,omL,Generated
0.6924236535732594,3.646843729581435,6,omL,Generated
0.9480163493830329,3.373006068490929,6,omL,Generated
0.9278929571378408,3.7215323810187027,6,omL,Generated
0.8623568084469808,3.326932842373785,6,omL,Generated
0.9225920630068739,3.279516655225503,6,omL,Generated
0.5879638843274829,3.7503965053749013,6,omL,Generated
0.9428613918219667,3.5185027546502927,6,omL,Generated
0.9182202888393377,3.2634409001067617,6,omL,Generated
-0.011937913036504232,4.345089531877467,6,omL,Generated
-0.0011629130491381538,4.334408088045813,6,omL,Generated
0.11408211385522536,4.2201636998138135,6,omL,Generated
0.9221716107281318,3.277970580882879,6,omL,Generated
0.948438337194931,3.3745577892494123,6,omL,Generated
0.9447900021406717,3.3611422424540383,6,omL,Generated
0.8625431978183555,3.3270615800632015,6,omL,Generated
0.9238478561939609,3.2841344197718283,6,omL,Generated
0.9519668088908083,3.3875325781457724,6,omL,Generated
0.9476223296605845,3.371557191141071,6,omL,Generated
0.8036010156518515,1.2555650665048308,5,om,Generated
0.893391492840064,1.3158217609907579,5,om,Generated
0.9670250725096694,1.29393927830207,5,om,Generated
0.2734848070433369,0.9758184849034324,5,om,Generated
0.26127268422487165,1.1066762100720167,5,om,Generated
2.1586979678662286,3.3660295938679874,5,om,Generated
0.8228740433319957,1.7064957489599364,5,om,Generated
0.6859896021247284,1.594615341521892,5,om,Generated
0.4467534172490708,1.1615428614626928,5,om,Generated
0.42202029515507844,0.5976838448467253,5,om,Generated
0.1352157173962239,1.136555634240077,5,om,Generated
0.9100004813276047,1.807790125721737,5,om,Generated
0.7899524492609218,1.208551119190675,5,om,Generated
1.4570644556656094,1.4908978072254593,5,om,Generated
0.9097503491046852,1.8077047370718824,5,om,Generated
1.0921739261099739,1.7025216648309989,5,om,Generated
-0.203127990167914,1.328767378419148,5,om,Generated
-0.13859431696964752,1.2975707865818076,5,om,Generated
0.5912798784442274,1.472682310427545,5,om,Generated
0.4702284813762193,0.8019807530062835,5,om,Generated
0.30413292104276207,0.5922209320162062,5,om,Generated
-0.2506115764670109,1.3582550039303833,5,om,Generated
0.6742710439014101,1.3845972716530857,5,om,Generated
0.8097733863207073,2.264825776330919,5,om,Generated
-0.14178442644160905,1.2991129356364175,5,om,Generated
-0.12525139353185955,1.4333381834384336,5,om,Generated
-0.2090621885997318,1.205949258177596,5,om,Generated
2.1608106647227703,3.4066087762950175,5,om,Generated
0.13629164519453538,1.5102736115878415,5,om,Generated
0.12163989140704383,0.8885610108040825,5,om,Generated
0.6059644000191499,1.6893473915198702,5,om,Generated
0.23728357285039584,1.247158918343536,5,om,Generated
1.7266384214998307,1.621119179042236,5,om,Generated
-0.04805931467618659,0.9274724682203718,5,om,Generated
1.1077814437789693,1.1882340290319224,5,om,Generated
1.1193917664203967,1.7073717435564018,5,om,Generated
1.415056356692468,1.4243772538724644,5,om,Generated
0.7166495296951961,1.7326532181544203,5,om,Generated
0.8740315818468478,1.9567102310433238,5,om,Generated
0.7331946225214148,1.1893919584093384,5,om,Generated
1.232531364786271,1.69720344539854,5,om,Generated
0.8578057494270581,1.9412945686853529,5,om,Generated
0.5678547360958938,1.8119320379833226,5,om,Generated
-0.011554376516754875,1.0068704681443386,5,om,Generated
0.7708435056641363,1.6234285714668604,5,om,Generated
0.8666846562368051,1.8762657263847402,5,om,Generated
0.9988345290086068,1.5301962529781643,5,om,Generated
1.5626480589677596,1.4184608579497882,5,om,Generated
0.8517582780121369,1.8017973459909014,5,om,Generated
1.2641863007477054,1.4897116636879315,5,om,Generated
1.1870013141873874,1.425693883046819,5,om,Generated
1.433447087212131,1.4851400113356403,5,om,Generated
1.0845046843101067,1.6978346080545426,5,om,Generated
0.8972685943569911,1.390948630243074,5,om,Generated
0.8846379737537772,1.250402988553194,5,om,Generated
0.5880124804128576,1.0786367209671415,5,om,Generated
0.773406231085983,0.731830158341164,5,om,Generated
1.1549034016598119,1.0855873530427713,5,om,Generated
0.06299990258688967,1.0556366716207808,5,om,Generated
0.7665007134535636,1.3715097809009664,5,om,Generated
0.8522266716573272,1.595007672654817,5,om,Generated
1.0026841317394832,1.409469637728429,5,om,Generated
0.36213344315187584,1.1185628715686768,5,om,Generated
0.5256214645221984,1.1995458110861323,5,om,Generated
0.64139706937844,0.6845277922157963,5,om,Generated
0.8074286534063442,1.2677562494263923,5,om,Generated
0.6913063699864023,0.9747923768769722,5,om,Generated
1.0391305777340185,1.0837296380324104,5,om,Generated
0.5754443804855804,0.6223089822767898,5,om,Generated
0.9172999268445465,0.8678898899641819,5,om,Generated
0.8146639593336175,0.8311693808787288,5,om,Generated
0.9981504158024179,1.3615597293052595,5,om,Generated
0.3988273130322803,0.5157482308910194,5,om,Generated
0.531516770858846,0.5299952033849248,5,om,Generated
0.5507851168725343,0.5213291430338524,5,om,Generated
-0.05873083208615474,0.8736102955883569,5,om,Generated
-0.17234334418034467,1.2469249915266283,5,om,Generated
0.6169917121328358,0.6878438175219216,5,om,Generated
1.2005833023035783,1.0848007874986778,5,om,Generated
1.974397433863625,3.0968911372353434,5,om,Generated
0.43541361041605475,0.7748697076719802,5,om,Generated
0.7059133897101727,1.5005466996001355,5,om,Generated
0.6028177592028142,1.3199856751667387,5,om,Generated
-0.07529531685794941,0.9340232954370167,5,om,Generated
0.39996527052672304,1.0184749941639033,5,om,Generated
0.42088003365786514,0.4985005166508487,5,om,Generated
0.26923205730727473,1.0658965903649749,5,om,Generated
0.14700106160969,0.8300251007189211,5,om,Generated
0.2941057398253305,1.0877117324628,5,om,Generated
0.43175471252354863,0.7412102961488571,5,om,Generated
0.9163760574794572,1.3699165871416756,5,om,Generated
1.1238750061136806,2.0214648047766994,5,om,Generated
1.211710145982879,2.1850087037373402,5,om,Generated
1.2327283329808258,1.6993559014366897,5,om,Generated
2.2267905012317675,3.3539445519734734,5,om,Generated
1.998613370723809,3.0356935319941347,5,om,Generated
0.8948183027093188,1.4551897466766164,5,om,Generated
1.2021129575116434,2.091498367456138,5,om,Generated
2.2946640016641284,3.5147831964906477,5,om,Generated
2.172185799357724,3.3580202417980773,5,om,Generated
1.0980736881728035,1.9560556227560522,5,om,Generated
2.3027271646894327,3.520022176428758,5,om,Generated
2.014446637611539,3.1490288936146595,5,om,Generated
1.444830250147481,2.2631979455791083,5,om,Generated
0.6400568073487319,1.7159451277087439,5,om,Generated
1.1152653596631672,1.5242914600193866,5,om,Generated
1.8987615232735664,2.998425092699375,5,om,Generated
0.4076008780836226,1.0490231509469625,5,om,Generated
0.4808366610914142,1.0837901249228001,5,om,Generated
0.6300452810390009,1.2029881948787904,5,om,Generated
0.5732320809322904,0.6250761416244226,5,om,Generated
0.6164174242806782,0.9572070945113484,5,om,Generated
1.5353566731743786,1.4520067583213554,5,om,Generated
1.2782737695144852,1.2300600756334705,5,om,Generated
0.758125956211142,1.0108280296682326,5,om,Generated
0.4042671506528427,0.5328893404909203,5,om,Generated
1.3134664918037768,2.0702148762571606,5,om,Generated
0.615644138525672,1.1870269716507962,5,om,Generated
0.9798774437136949,1.3198789258506645,5,om,Generated
0.636184258274571,0.6929498326556265,5,om,Generated
0.6765320411978462,1.1615179908237245,5,om,Generated
0.4026044289249864,0.5290905059812835,5,om,Generated
0.8715124298546139,1.0451741618270036,5,om,Generated
0.867393927970351,1.6655812372556518,5,om,Generated
1.9133203012345237,-0.685831999700863,4,imU,Generated
2.7330613482964115,-0.8582254907453498,4,imU,Generated
2.5070097900949486,-0.31036598767791784,4,imU,Generated
1.6785595213336986,-0.718797826387882,4,imU,Generated
2.3121991087020577,-0.7077056790253757,4,imU,Generated
2.4636025427883945,-0.45848357859293404,4,imU,Generated
2.2710897562553485,-0.459396721021656,4,imU,Generated
1.79497119801643,-0.7047305015775331,4,imU,Generated
1.5061994799509955,-0.5047503107408767,4,imU,Generated
1.077312143445076,-0.2635962247625706,4,imU,Generated
1.7855010429346363,-0.6516047098599238,4,imU,Generated
1.8056278386096736,-0.6433340325762714,4,imU,Generated
1.809429757836389,-0.5124317104078878,4,imU,Generated
1.6301834710596057,-1.3128943385732055,4,imU,Generated
1.9696260570270223,-0.7683791443235675,4,imU,Generated
1.9321598470869152,-0.7938139406930286,4,imU,Generated
1.8877149151840356,-0.7252065362495004,4,imU,Generated
0.6098513301410265,-0.413929816971192,4,imU,Generated
1.607463779027124,-1.1172543817409044,4,imU,Generated
1.7253056036623764,-1.1884184223207392,4,imU,Generated
1.536254984811628,-0.7919105340571344,4,imU,Generated
2.0010467877169344,-0.7806923220071151,4,imU,Generated
2.3401451205912496,-0.5406757128807881,4,imU,Generated
1.153777071708078,-0.5366899126516846,4,imU,Generated
1.3867681836520294,-0.7008885283006028,4,imU,Generated
1.6303728433769418,-0.5917289978435902,4,imU,Generated
1.6503732051882247,-0.521463597876526,4,imU,Generated
2.1179266223454776,-0.43189582047554287,4,imU,Generated
1.9141484793833439,-0.41901398077205565,4,imU,Generated
1.463437345302337,-0.6767802346314161,4,imU,Generated
1.5780673477941027,-0.7389341136913273,4,imU,Generated
1.444034047524219,-0.6049673421208658,4,imU,Generated
1.8508626114571212,-0.41546901871951547,4,imU,Generated
1.6377572566955656,-0.34759333272178455,4,imU,Generated
2.160986826175024,0.22516599008682858,4,imU,Generated
1.5789538210628422,0.09615474342188489,4,imU,Generated
2.3143350793837834,0.10389967404397435,4,imU,Generated
1.7289106101471248,-1.179784440402808,4,imU,Generated
2.5057903019122647,-0.3137950398104918,4,imU,Generated
2.2620711205804596,-0.19729973023270175,4,imU,Generated
1.789422868525473,-0.13740305704299788,4,imU,Generated
1.9770519494857335,-0.679675395862225,4,imU,Generated
1.7270563878587166,-0.3866156358046873,4,imU,Generated
2.253018078663782,-0.21044207520840955,4,imU,Generated
1.3560624123294907,-0.37991663159808214,4,imU,Generated
1.5044479778900954,-0.41616930809250724,4,imU,Generated
1.4808178494563506,-0.8856059517436438,4,imU,Generated
1.9054070158740375,-0.3636376661506308,4,imU,Generated
1.9100426139363735,-0.5688862070125158,4,imU,Generated
1.9136651344356104,0.3055403634799608,4,imU,Generated
2.7386660279210218,-0.6455964515958571,4,imU,Generated
1.2966643526208814,-0.5756601540383744,4,imU,Generated
2.072371270317047,0.3801205609650752,4,imU,Generated
1.5831212936342494,-0.5067549884060317,4,imU,Generated
1.9744797343518425,-0.2685423504047684,4,imU,Generated
1.7593414582352562,-1.162173999918692,4,imU,Generated
2.0819506276069397,-0.9832286154970588,4,imU,Generated
2.450989850136069,-0.8547519396814436,4,imU,Generated
2.145202085130168,-0.44119510121118516,4,imU,Generated
1.779454570164592,-0.9043368728175524,4,imU,Generated
2.348817476808837,-0.8218001715663009,4,imU,Generated
2.531133837967015,-0.4103310865741964,4,imU,Generated
3.0942027738985978,-0.24099498179075882,4,imU,Generated
1.7876739851189454,-0.9481086359085713,4,imU,Generated
2.2036018109127586,-0.3381910944420937,4,imU,Generated
2.5435870571550825,-0.2585455100649548,4,imU,Generated
2.8247481530227967,-0.25108674531598363,4,imU,Generated
1.5667502242656728,-1.1875687051642387,4,imU,Generated
1.4927304078172947,-0.8469559748908974,4,imU,Generated
1.0607861408429515,-0.3420148133223702,4,imU,Generated
1.0645689238036757,-0.5222632574728565,4,imU,Generated
1.5007444638397303,-0.5117207795767907,4,imU,Generated
1.1067523275911773,-0.4501035765290347,4,imU,Generated
1.3039082422442914,-0.5839191557392033,4,imU,Generated
1.8727369760980297,-0.5421326417550955,4,imU,Generated
2.834618413453881,-0.6167958347980289,4,imU,Generated
2.809983182192463,-0.1702831177025367,4,imU,Generated
1.1150775879320531,-0.6716362713094238,4,imU,Generated
2.167409325719031,-0.4739692231905398,4,imU,Generated
1.4327311729485606,-0.6208807636091397,4,imU,Generated
1.5732869896893373,-0.5084206254288384,4,imU,Generated
2.0356663698209863,-0.3120954143949767,4,imU,Generated
2.534617498054925,-0.567844596699652,4,imU,Generated
2.070390230501633,1.9751659255519545,4,imU,Generated
1.0651846205394693,-0.9464823484463344,4,imU,Generated
2.2360281333324576,1.6603523786391825,4,imU,Generated
1.956155593401928,0.2105760584564768,4,imU,Generated
1.1460000135624882,0.19555604125105752,4,imU,Generated
1.394055330054647,0.2069374614309471,4,imU,Generated
2.110094580464296,-0.26618260010957223,4,imU,Generated
1.6207929886655623,-0.48723602494953633,4,imU,Generated
2.4650734167482846,-0.2565186597964298,4,imU,Generated
2.971112914957339,-0.6780883422440831,4,imU,Generated
2.6792070245547652,-0.2244974310086084,4,imU,Generated
1.2901506846059003,-0.3230399637937774,4,imU,Generated
2.500106185646705,-0.35310315272409987,4,imU,Generated
2.313387497466969,-0.6869991478460378,4,imU,Generated
2.514896286491776,-0.38228028865883795,4,imU,Generated
1.9140086753281846,-0.7113813041073879,4,imU,Generated
2.6172193706728737,-0.34915804023998653,4,imU,Generated
1.8971838712290516,-0.17523027401908786,4,imU,Generated
1.350603943925942,-0.27885878256442903,4,imU,Generated
2.295617684308161,-0.01172585852784439,4,imU,Generated
3.169662093959482,-0.14224614537994157,4,imU,Generated
-1.1327045461683523,0.020378493973204553,4,imU,Generated
-1.6517870693251648,0.15121913212121282,4,imU,Generated
0.07825128932702526,-0.19927010625743108,4,imU,Generated
-1.0875380868548112,0.0007464791016301746,4,imU,Generated
1.5199464676548762,-0.6817073951256557,4,imU,Generated
1.779139322299138,-0.6062579579478458,4,imU,Generated
2.698916706031802,-0.18040951632288038,4,imU,Generated
0.05118365430970473,1.3666981782677856,7,pp,Generated
0.1539854886983626,0.9703249179826936,7,pp,Generated
0.21266026181192546,0.631834822461339,7,pp,Generated
-0.020365627427463288,1.3751488825531963,7,pp,Generated
0.6220019955963192,0.6721046772221407,7,pp,Generated
-0.049489840052214615,1.1799905069643237,7,pp,Generated
-0.13480295108521698,1.649691162968837,7,pp,Generated
0.3861397453868459,1.7985032588476806,7,pp,Generated
-0.2891373435066088,1.8410692972268072,7,pp,Generated
0.5970563661264091,1.5358638429473594,7,pp,Generated
0.27151290309361475,0.4183784909814489,7,pp,Generated
0.3112649578550655,0.9426976631966673,7,pp,Generated
0.33086696879723226,1.2845374753786922,7,pp,Generated
0.0908545661712766,0.9845326324457876,7,pp,Generated
0.5038312825745387,1.0172528714289386,7,pp,Generated
0.20487146950294502,1.7136020156531455,7,pp,Generated
0.18077519747872775,1.6554419879285538,7,pp,Generated
-0.13666018978908695,0.909504022038861,7,pp,Generated
0.02254618809304806,0.6374889194697133,7,pp,Generated
0.6778922009511186,1.2227251852165013,7,pp,Generated
-0.24411774594307487,1.0210140482058216,7,pp,Generated
-0.48862823312759535,0.7833994295383895,7,pp,Generated
0.2998551592893658,1.239347177407466,7,pp,Generated
-0.4833525385910654,1.3013803346164106,7,pp,Generated
-0.009835124981045804,1.7619883881890843,7,pp,Generated
-0.2084178767978747,1.1295711677007612,7,pp,Generated
0.5971096252914548,1.5548479735697702,7,pp,Generated
0.5983171850194815,0.8442231078328097,7,pp,Generated
-1.1827384256515074,-0.26499057612481536,7,pp,Generated
1.2566994761297363,-0.10298963955896935,7,pp,Generated
-0.672753985660944,1.1713718408598601,7,pp,Generated
0.3725500614945759,1.370120371229923,7,pp,Generated
0.6603634051154277,1.3806703252072343,7,pp,Generated
-0.3451124404582711,0.731470611548882,7,pp,Generated
0.2547166636507559,1.0051951800343841,7,pp,Generated
-0.2960299640198359,0.13941740984246578,7,pp,Generated
0.6679177380624237,1.507200466857917,7,pp,Generated
0.10196198381849027,1.5805698503131698,7,pp,Generated
-0.5695536952362883,1.9189059580153227,7,pp,Generated
0.3591987827770246,1.5327784888531766,7,pp,Generated
0.06567007652888078,1.3946816680310492,7,pp,Generated
0.15253630030124846,1.153531890243935,7,pp,Generated
0.6305290305964302,1.0292982080211324,7,pp,Generated
0.18834012896719013,1.365707102072002,7,pp,Generated
0.16228106316554095,1.3355856515379818,7,pp,Generated
0.10839824990891901,1.0262949527985226,7,pp,Generated
0.5109042068901353,0.4430509590564363,7,pp,Generated
0.4045164775660188,0.4504428233768749,7,pp,Generated
0.39913596327749373,1.7507549847006152,7,pp,Generated
-0.44415628941286545,0.718460602355561,7,pp,Generated
-0.4533203764654561,0.8115336247281189,7,pp,Generated
0.7334709517981909,1.333441123054117,7,pp,Generated
1.2701191927758515,0.6097997689420948,7,pp,Generated
-0.00620135055276829,0.8754555236973433,7,pp,Generated
0.3262655877281828,1.1765435248504827,7,pp,Generated
-0.7132402786769242,1.5176684844701518,7,pp,Generated
0.09413997131783962,1.468796524576316,7,pp,Generated
0.40411661776234514,1.0225425191825037,7,pp,Generated
-0.23670746391480715,0.910560607060604,7,pp,Generated
2.1209859418292063,0.07717744931645404,7,pp,Generated
0.2255029370742922,0.8688146287463189,7,pp,Generated
-0.029836496646715397,1.1926817583371494,7,pp,Generated
0.025357990447062263,1.1755910506100415,7,pp,Generated
-0.2148706312299536,1.102250324826782,7,pp,Generated
-0.7547777657439642,-0.36337188826427397,7,pp,Generated
-0.5670513797183132,1.3197634588209826,7,pp,Generated
0.1574277241865932,1.4429732055853113,7,pp,Generated
-0.11689821624711645,1.5769631057263274,7,pp,Generated
-0.7177533228678141,-0.1213919390996076,7,pp,Generated
-0.8519093177659416,-0.15917659189835986,7,pp,Generated
-0.7845157198146562,-0.6139435898047775,7,pp,Generated
-0.13786398607524367,1.244408762620423,7,pp,Generated
0.3934757842231729,0.3767098028454034,7,pp,Generated
-0.7373604878419299,0.9822540788987183,7,pp,Generated
0.26793247186238445,1.075525203310314,7,pp,Generated
-0.16527654360356836,0.7604346956002717,7,pp,Generated
0.3260820376637981,0.9176007821428174,7,pp,Generated
-0.04158545235094798,1.3824608735502686,7,pp,Generated
-0.055958997581592874,1.1254955746681155,7,pp,Generated
-0.09134343459887521,0.28995363127396,7,pp,Generated
0.20095040952070048,0.8712630890831917,7,pp,Generated
0.24897028391163242,0.7962417423863098,7,pp,Generated
0.46325116740332106,0.6983249928365812,7,pp,Generated
0.5054402549020194,0.8181371084874408,7,pp,Generated
0.29692360271331286,0.9208016822030287,7,pp,Generated
-0.16850310316802222,1.3315963985724502,7,pp,Generated
-0.37534940219658997,0.7959731410203289,7,pp,Generated
-0.19567014875533364,0.8813922705110828,7,pp,Generated
-0.6900530496253376,1.7540176360804947,7,pp,Generated
-0.2638870325821155,0.9042208570495122,7,pp,Generated
0.4511894772115144,1.115676044028181,7,pp,Generated
0.5958223427198054,-0.8826648404615263,1,im,Generated
-0.07079667920711172,-0.2108954028178629,1,im,Generated
-0.8929199098347174,-0.6068826509832244,1,im,Generated
1.6092156551482821,-1.6789845142632376,1,im,Generated
1.4108328716065888,-1.6324901122331656,1,im,Generated
-0.348319350746284,-0.05193137560241187,1,im,Generated
1.3736772182073682,-0.6042978722813839,1,im,Generated
0.7453307190048817,-1.808618242144667,1,im,Generated
1.6235142698592921,-1.1419813259360794,1,im,Generated
1.4287121587929774,-1.6090140380774394,1,im,Generated
1.8548768630197903,-1.8273452495360274,1,im,Generated
0.44703394583638106,-1.2515981256467004,1,im,Generated
1.8758106696645824,-1.2090622469115149,1,im,Generated
2.3232404207395434,-1.113386896934842,1,im,Generated
1.8199033692727589,-0.23078303275699846,1,im,Generated
-0.03819717210795233,-0.3220449954090868,1,im,Generated
0.9045415466818674,-1.2795608284368625,1,im,Generated
1.9361967556365023,-1.2077463654465834,1,im,Generated
1.9190039438603868,-0.6983816674640071,1,im,Generated
1.7129890254723308,0.4219323456806709,1,im,Generated
1.1348580260127408,-1.0336821684697146,1,im,Generated
-0.026653358430095715,-0.4053967375296462,1,im,Generated
1.6194993652782048,-1.0159740885169606,1,im,Generated
1.070047475011768,-1.1280240245588624,1,im,Generated
1.1635546143615159,-0.8142645766493661,1,im,Generated
2.2188558771670337,-0.9108344312470738,1,im,Generated
1.441120306255247,-0.847452849178777,1,im,Generated
0.14069718993547223,-0.49229091611950276,1,im,Generated
1.5482880068310172,-0.9573123556767564,1,im,Generated
2.319785995721627,-1.084713841467127,1,im,Generated
1.7201722379031035,-0.4579734607929199,1,im,Generated
1.9610665516818577,-1.477179982210601,1,im,Generated
1.22939519763922,-1.3108418598546967,1,im,Generated
1.4513736861027993,-0.2123008583696659,1,im,Generated
1.4756727358427892,-0.13445136381960124,1,im,Generated
1.979029409202956,-0.5976786219040151,1,im,Generated
2.0104645675638086,-1.9345296608156406,1,im,Generated
2.692502839419741,-0.7586261534858965,1,im,Generated
0.4973335839826224,-0.9920095036777257,1,im,Generated
2.5397058432032056,-0.9571631375712873,1,im,Generated
-0.859317819120349,-0.5692023399091938,1,im,Generated
1.8777591296842486,0.20299728323814534,1,im,Generated
1.284734133936518,-0.6615112805522823,1,im,Generated
2.2506738877041457,-0.11433078889310595,1,im,Generated
1.863135580062197,-0.5379467791330124,1,im,Generated
1.077425980383596,-1.3967587258689715,1,im,Generated
0.9896946760475288,-0.03753404601207729,1,im,Generated
-0.6734734600381065,-0.14796013712627804,1,im,Generated
-0.22360898511820973,-0.04594715799769772,1,im,Generated
0.717094813518324,-1.263656969734827,1,im,Generated
1.5324463163293405,-1.2517403167817582,1,im,Generated
2.159133317553689,-1.5148559508477035,1,im,Generated
1.917700113021776,-0.6327804610890214,1,im,Generated
2.1086456429101648,-0.9805562097259751,1,im,Generated
1.6541537882523913,-0.9162522180352082,1,im,Generated
1.8452669125679169,-1.3830315609306087,1,im,Generated
1.3431115754911112,-1.5893244370695268,1,im,Generated
1.723651028677268,-0.537990969907401,1,im,Generated
0.8941062648762843,-1.0505561178095868,1,im,Generated
1.0258542915918725,-1.2659270918444978,1,im,Generated
1.6272290608411573,-1.0224226953709834,1,im,Generated
1.64097178629879,-0.5018510234181146,1,im,Generated
1.9308947767251035,-0.7133295497259955,1,im,Generated
1.2496337393316308,-0.814857163079942,1,im,Generated
-0.19295443260866663,-0.7920852864819805,1,im,Generated
0.9754911988061451,-1.0516229684045157,1,im,Generated
2.0237295217779714,-0.6975487411352199,1,im,Generated
1.851698916430707,-0.9251379961247629,1,im,Generated
2.022034130201873,-0.643052651386368,1,im,Generated
0.15138260532313802,-1.2201193489436868,1,im,Generated
0.19802450099022942,0.10028422230338456,1,im,Generated
0.3907776535433179,-0.9400040039327274,1,im,Generated
0.9307747631507193,-0.7148447922114712,1,im,Generated
0.10909222207874794,-0.7757605775185743,1,im,Generated
0.8382636717333738,-1.2315191622519817,1,im,Generated
1.9216515168411517,-1.213730644066638,1,im,Generated
2.791580763599911,-1.240302642816533,1,im,Generated
